{
  "retrieval": {
    "recall@1": 0.1684305336635893,
    "recall@5": 0.4494483224498987,
    "recall@10": 0.6183292051339788,
    "mrr": 0.30652043250088135,
    "map": 0.30652043250088135,
    "t2i_recall@1": 0.16662913758162576,
    "t2i_recall@5": 0.4573294303084891,
    "t2i_recall@10": 0.6208061247466786
  },
  "matching_accuracy": 0.1684305336635893
}