{
  "Base CLIP (No LoRA)": {
    "recall@1": 0.11551452375591083,
    "recall@5": 0.2983562260752083,
    "recall@10": 0.431209187120018,
    "mrr": 0.21558870658315996,
    "map": 0.21558870658315996,
    "t2i_recall@1": 0.11281242963296555,
    "t2i_recall@5": 0.3265030398558883,
    "t2i_recall@10": 0.4672371087592884,
    "matching_accuracy": 0.11551452375591083
  },
  "CLIP+LoRA (Epoch 1)": {
    "recall@1": 0.1684305336635893,
    "recall@5": 0.4494483224498987,
    "recall@10": 0.6183292051339788,
    "mrr": 0.30652043250088135,
    "map": 0.30652043250088135,
    "t2i_recall@1": 0.16662913758162576,
    "t2i_recall@5": 0.4573294303084891,
    "t2i_recall@10": 0.6208061247466786,
    "matching_accuracy": 0.1684305336635893
  }
}